{
    "mse": 217000723428.67618,
    "rmse": 465833.36444342,
    "mae": 259246.84770659346,
    "r2": 0.5656547084483129,
    "coefficients": [
        1109.32113263836,
        12485.215663232768,
        -2.2444202290316753
    ],
    "intercept": -561850.4956412802
}