{
    "mse": 218184354540.21576,
    "rmse": 467102.0814984833,
    "mae": 258382.92709986368,
    "r2": 0.5719977529228959
}