{
    "mse": 219959662641.48538,
    "rmse": 468998.5742424868,
    "mae": 257087.14732774693,
    "r2": 0.5810391087737109
}