{
    "mse": 55446159021.922005,
    "rmse": 235470.08094856128,
    "mae": 125593.47935241298,
    "r2": 0.8943907627428878
}