{
    "mse": 35579169438.52099,
    "rmse": 188624.41368635447,
    "mae": 109355.12598902323,
    "r2": 0.9302059742050973
}