{
    "mse": 22333475946.372116,
    "rmse": 149443.88895626384,
    "mae": 98528.71212467145,
    "r2": 0.95529765998924,
    "max_depth": 10,
    "min_samples_split": 5
}