Feature,Importance
max_power,48.69061976677187
km_driven,25.6591860892234
torque,25.650194144004725
