{
    "mse": 22422257117.76429,
    "rmse": 149740.6328214366,
    "mae": 86764.57364418652,
    "r2": 0.956015286012752
}