{
    "mse": 37833567861.93003,
    "rmse": 194508.52902104327,
    "mae": 100373.78901297823,
    "r2": 0.9279377631364172
}