{
    "validation_mse": 11252288884.743408,
    "validation_rmse": 106076.80653537514,
    "validation_mae": 76805.67653994854,
    "validation_r2": 0.9730315859787845
}