{
    "mse": 12147248034.353127,
    "rmse": 110214.55454863085,
    "mae": 77691.05524891497,
    "r2": 0.9756862562222475,
    "iterations": 1000,
    "learning_rate": 0.1,
    "depth": 6
}