{
    "mse": 20168763392.0,
    "rmse": 142016.77151660644,
    "mae": 78308.0234375,
    "r2": 0.9604358673095703
}