{
    "mse": 8873275392.0,
    "rmse": 94198.06469349569,
    "mae": 64759.5078125,
    "r2": 0.9822393655776978,
    "num_rounds": 500,
    "eta": 0.1,
    "max_depth": 6,
    "subsample": 0.8,
    "colsample_bytree": 0.8
}