{
    "validation_mse": 7864188928.0,
    "validation_rmse": 88680.26233610272,
    "validation_mae": 63695.94921875,
    "validation_r2": 0.9811518788337708
}