{
    "mse": 37110673408.0,
    "rmse": 192641.3076367579,
    "mae": 98629.2109375,
    "r2": 0.9293146729469299
}