{
    "mse": 93577609216.0,
    "rmse": 305904.5753433577,
    "mae": 172061.75,
    "r2": 0.8164330720901489
}