{
    "mse": 90818224128.0,
    "rmse": 301360.62139569595,
    "mae": 171532.390625,
    "r2": 0.8270169496536255
}