{
    "XGBoost": {
        "RMSE": 88680.26233610272,
        "MAE": 63695.94921875,
        "R2": 0.9811518788337708
    },
    "CatBoost": {
        "RMSE": 106076.80653537514,
        "MAE": 76805.67653994854,
        "R2": 0.9730315859787845
    }
}